特征,GKX类别,会计块,GKX组,聚类组
dolvol_126,2 流动性,False,2 流动性,C1
est_peg,4 估值与基本面,False,4a 估值,C1
ni_inc8q,4 估值与基本面,True,4b 会计,C1
roll_spread,2 流动性,False,2 流动性,C2
est_pe_ftm,4 估值与基本面,False,4a 估值,C2
float_shares_chg,2 流动性,False,2 流动性,C1
capex_abn,4 估值与基本面,True,4b 会计,C1
amihud,2 流动性,False,2 流动性,C1
skew_21,3 风险,False,3 风险,C1
f_score,4 估值与基本面,True,4b 会计,C1
beta_smb,3 风险,False,3 风险,C1
rd_me,4 估值与基本面,True,4b 会计,C1
ap_beta5,3 风险,False,3 风险,C1
free_float_ratio,2 流动性,False,2 流动性,C1
capm_beta,3 风险,False,3 风险,C1
ret_6_0,1 价格趋势,False,1 价格趋势,C1
ret_36_13,1 价格趋势,False,1 价格趋势,C1
ap_beta2,3 风险,False,3 风险,C1
pb_chg_12,4 估值与基本面,False,4a 估值,C1
size,2 流动性,False,2 流动性,C1
turnover_20_ff_neutral,2 流动性,False,2 流动性,C2
reversal_20,1 价格趋势,False,1 价格趋势,C1
rvol_252,3 风险,False,3 风险,C2
close_vwap_dev,1 价格趋势,False,1 价格趋势,C1
ap_beta1,3 风险,False,3 风险,C1
momentum_12_1,1 价格趋势,False,1 价格趋势,C1
size2,2 流动性,False,2 流动性,C1
prc_high_252,1 价格趋势,False,1 价格趋势,C1
amihud_vwap,2 流动性,False,2 流动性,C1
turn_std_21,2 流动性,False,2 流动性,C1
ivol,3 风险,False,3 风险,C2
rd_at,4 估值与基本面,True,4b 会计,C1
sale_inv,4 估值与基本面,True,4b 会计,C1
turnover_20_ff,2 流动性,False,2 流动性,C2
sale_rec,4 估值与基本面,True,4b 会计,C1
ap_beta4,3 风险,False,3 风险,C1
amihud_neutral,2 流动性,False,2 流动性,C1
ope_be,4 估值与基本面,True,4b 会计,C1
saleq_su,4 估值与基本面,True,4b 会计,C1
ps_liq_beta,2 流动性,False,2 流动性,C1
ret_12_7,1 价格趋势,False,1 价格趋势,C1
beta_hml,3 风险,False,3 风险,C1
ret_6_1,1 价格趋势,False,1 价格趋势,C1
ap_beta3,3 风险,False,3 风险,C1
rd_sale,4 估值与基本面,True,4b 会计,C1
age,2 流动性,False,2 流动性,C1
ret_2_1,1 价格趋势,False,1 价格趋势,C1
qmj_prof,4 估值与基本面,True,4b 会计,C1
niq_su,4 估值与基本面,True,4b 会计,C1
ocf_ni,4 估值与基本面,True,4b 会计,C1
ff3_betas,3 风险,False,3 风险,C1
zero_trades_252,2 流动性,False,2 流动性,C1
ret_3_1,1 价格趋势,False,1 价格趋势,C1
rvol_21,3 风险,False,3 风险,C2
pi_nix,4 估值与基本面,True,4b 会计,C1
netmargin,4 估值与基本面,True,4b 会计,C1
ret_9_1,1 价格趋势,False,1 价格趋势,C1
volatility_30,3 风险,False,3 风险,C2
gp_at,4 估值与基本面,True,4b 会计,C1
debt_me,4 估值与基本面,True,4b 会计,C1
ebit_sale,4 估值与基本面,True,4b 会计,C1
taccruals_ni,4 估值与基本面,True,4b 会计,C1
turnover_20_neutral,2 流动性,False,2 流动性,C2
fcf_me,4 估值与基本面,True,4b 会计,C1
high_low_range,2 流动性,False,2 流动性,C2
turnover_20,2 流动性,False,2 流动性,C2
ni_be,4 估值与基本面,True,4b 会计,C1
oaccruals_at,4 估值与基本面,True,4b 会计,C1
rmax5_21,1 价格趋势,False,1 价格趋势,C2
amihud_zero_adj,2 流动性,False,2 流动性,C1
ep_lsy,4 估值与基本面,False,4a 估值,C2
dsale_drec,4 估值与基本面,True,4b 会计,C1
ocf_at,4 估值与基本面,True,4b 会计,C1
ocf_debt,4 估值与基本面,True,4b 会计,C1
cs_spread,2 流动性,False,2 流动性,C2
pe_ttm,4 估值与基本面,False,4a 估值,C2
sale_gr1,4 估值与基本面,True,4b 会计,C1
ev_ebitda,4 估值与基本面,False,4a 估值,C2
niq_at,4 估值与基本面,True,4b 会计,C1
pe1,4 估值与基本面,False,4a 估值,C2
ep,4 估值与基本面,False,4a 估值,C2
cfp,4 估值与基本面,True,4b 会计,C1
rmax1_21,1 价格趋势,False,1 价格趋势,C2
dsale_dinv,4 估值与基本面,True,4b 会计,C1
ev2_neutral,4 估值与基本面,False,4a 估值,C1
at_gr1,4 估值与基本面,True,4b 会计,C1
overnight_ret,1 价格趋势,False,1 价格趋势,C1
tax_gr1a,4 估值与基本面,True,4b 会计,C1
be_gr1a,4 估值与基本面,True,4b 会计,C1
debt_gr1,4 估值与基本面,True,4b 会计,C1
cash_at,4 估值与基本面,True,4b 会计,C1
dsale_dsga,4 估值与基本面,True,4b 会计,C1
netdebt_me,4 估值与基本面,True,4b 会计,C1
ni_gr1,4 估值与基本面,True,4b 会计,C1
dividend_yield,4 估值与基本面,False,4a 估值,C2
cash_gr1a,4 估值与基本面,True,4b 会计,C1
sale_at,4 估值与基本面,True,4b 会计,C1
ps_gamma,2 流动性,False,2 流动性,C1
sp,4 估值与基本面,False,4a 估值,C2
capx_gr1a,4 估值与基本面,True,4b 会计,C1
caliq_cl,4 估值与基本面,True,4b 会计,C1
inv_gr1a,4 估值与基本面,True,4b 会计,C1
ca_cl,4 估值与基本面,True,4b 会计,C1
rec_gr1a,4 估值与基本面,True,4b 会计,C1
lev,4 估值与基本面,True,4b 会计,C1
bm,4 估值与基本面,False,4a 估值,C2
capx_at,4 估值与基本面,True,4b 会计,C1
amihud_zero_adj_neutral,2 流动性,False,2 流动性,C1
ps_ttm,4 估值与基本面,False,4a 估值,C2
pb,4 估值与基本面,False,4a 估值,C2
noa_at,4 估值与基本面,True,4b 会计,C1
debtlt_gr1a,4 估值与基本面,True,4b 会计,C1
