特征,GKX类别,会计块
dolvol_126,2 流动性,False
est_peg,4 估值与基本面,False
ni_inc8q,4 估值与基本面,True
roll_spread,2 流动性,False
est_pe_ftm,4 估值与基本面,False
capex_abn,4 估值与基本面,True
amihud,2 流动性,False
skew_21,3 风险,False
f_score,4 估值与基本面,True
beta_smb,3 风险,False
rd_me,4 估值与基本面,True
ap_beta5,3 风险,False
capm_beta,3 风险,False
ret_6_0,1 价格趋势,False
ret_36_13,1 价格趋势,False
ap_beta2,3 风险,False
pb_chg_12,4 估值与基本面,False
size,2 流动性,False
turnover_20_ff_neutral,2 流动性,False
reversal_20,1 价格趋势,False
rvol_252,3 风险,False
close_vwap_dev,1 价格趋势,False
ap_beta1,3 风险,False
momentum_12_1,1 价格趋势,False
size2,2 流动性,False
prc_high_252,1 价格趋势,False
amihud_vwap,2 流动性,False
turn_std_21,2 流动性,False
ivol,3 风险,False
rd_at,4 估值与基本面,True
sale_inv,4 估值与基本面,True
turnover_20_ff,2 流动性,False
sale_rec,4 估值与基本面,True
ap_beta4,3 风险,False
amihud_neutral,2 流动性,False
ope_be,4 估值与基本面,True
saleq_su,4 估值与基本面,True
ps_liq_beta,2 流动性,False
ret_12_7,1 价格趋势,False
beta_hml,3 风险,False
ret_6_1,1 价格趋势,False
ap_beta3,3 风险,False
rd_sale,4 估值与基本面,True
age,2 流动性,False
ret_2_1,1 价格趋势,False
qmj_prof,4 估值与基本面,True
niq_su,4 估值与基本面,True
ocf_ni,4 估值与基本面,True
ff3_betas,3 风险,False
zero_trades_252,2 流动性,False
ret_3_1,1 价格趋势,False
rvol_21,3 风险,False
pi_nix,4 估值与基本面,True
netmargin,4 估值与基本面,True
ret_9_1,1 价格趋势,False
volatility_30,3 风险,False
gp_at,4 估值与基本面,True
debt_me,4 估值与基本面,True
ebit_sale,4 估值与基本面,True
taccruals_ni,4 估值与基本面,True
turnover_20_neutral,2 流动性,False
fcf_me,4 估值与基本面,True
high_low_range,2 流动性,False
turnover_20,2 流动性,False
ni_be,4 估值与基本面,True
oaccruals_at,4 估值与基本面,True
rmax5_21,1 价格趋势,False
amihud_zero_adj,2 流动性,False
ep_lsy,4 估值与基本面,False
dsale_drec,4 估值与基本面,True
ocf_at,4 估值与基本面,True
ocf_debt,4 估值与基本面,True
cs_spread,2 流动性,False
pe_ttm,4 估值与基本面,False
sale_gr1,4 估值与基本面,True
ev_ebitda,4 估值与基本面,False
niq_at,4 估值与基本面,True
pe1,4 估值与基本面,False
ep,4 估值与基本面,False
cfp,4 估值与基本面,True
rmax1_21,1 价格趋势,False
dsale_dinv,4 估值与基本面,True
ev2_neutral,4 估值与基本面,False
at_gr1,4 估值与基本面,True
overnight_ret,1 价格趋势,False
tax_gr1a,4 估值与基本面,True
be_gr1a,4 估值与基本面,True
debt_gr1,4 估值与基本面,True
cash_at,4 估值与基本面,True
dsale_dsga,4 估值与基本面,True
netdebt_me,4 估值与基本面,True
ni_gr1,4 估值与基本面,True
dividend_yield,4 估值与基本面,False
cash_gr1a,4 估值与基本面,True
sale_at,4 估值与基本面,True
ps_gamma,2 流动性,False
sp,4 估值与基本面,False
capx_gr1a,4 估值与基本面,True
caliq_cl,4 估值与基本面,True
inv_gr1a,4 估值与基本面,True
ca_cl,4 估值与基本面,True
rec_gr1a,4 估值与基本面,True
lev,4 估值与基本面,True
bm,4 估值与基本面,False
capx_at,4 估值与基本面,True
amihud_zero_adj_neutral,2 流动性,False
ps_ttm,4 估值与基本面,False
pb,4 估值与基本面,False
noa_at,4 估值与基本面,True
debtlt_gr1a,4 估值与基本面,True
